Workbook

Sheet README
B2: BÁO CÁO GIAO BAN PHÒNG VT-TBYT — TEMPLATE v2
B4: Mục đích | C4: Cung cấp khung dữ liệu chuẩn để 4 tổ (Kỹ thuật, Hồ sơ, Vật tư tiêu hao, Kho) nhập liệu thống nhất, tự động tổng hợp lên Dashboard và Cảnh báo phục vụ giao ban.
B6: Hướng dẫn nhanh
B7: 1. | C7: Mở file Google Sheet hiện tại (Báo cáo Giao ban Phòng).
B8: 2. | C8: Tạo các tab MỚI dưới đây bằng cách import từng sheet trong file này (File → Import → Insert new sheet).
B9: 3. | C9: Các tab cần TẠO MỚI: 5A. Tổ kho - Tồn & Cảnh báo, 5B. Tổ kho - Đề xuất khoa phòng, cfg_threshold, dm_canbo, dm_khoa, dm_co_so.
B10: 4. | C10: Các tab CŨ (Nhóm kỹ thuật, DS TB, VTTH, Hồ sơ): theo file HuongDan_ThucThi.docx — đổi định dạng cột Ngày, thêm Data Validation, không xoá dữ liệu cũ.
B11: 5. | C11: Sau khi import xong các tab, mở Apps Script (Tiện ích mở rộng → Apps Script) và dán code từ AppScript_v2.gs.
B12: 6. | C12: Cài đặt 2 Trigger trong Apps Script: onEdit (tự động) + Time-driven 7:30 sáng (gửi email Brief Sáng).
B13: 7. | C13: Quy ước màu: VÀNG = ô cần nhập tay, XANH NHẠT = ô tự động (đừng nhập đè), XANH ĐẬM = header.
B16: Quy ước màu trong template
B17: Header
B18: Sub-header
B19: Ô nhập tay (key input)
B20: Ô auto-lookup/tính
B22: Liên hệ hỗ trợ | C22: Trưởng phòng VT-TBYT — Bệnh viện K

Sheet dm_co_so
A1: Mã | B1: Tên cơ sở
A2: CS1 | B2: Cơ sở 1 - Quán Sứ
A3: CS2 | B3: Cơ sở 2 - Tam Hiệp
A4: CS3 | B4: Cơ sở 3 - Tân Triều
A5: ALL | B5: Cả 3 cơ sở

Sheet dm_canbo
A1: Họ tên | B1: Tổ | C1: Vai trò | D1: Email | E1: SĐT | F1: Ghi chú
A2: Hoàng Thế Hà | B2: Lãnh đạo | C2: Trưởng phòng
A3: Bùi Tuấn Nam | B3: Lãnh đạo | C3: Phó phòng
A4: Trần Thị Phượng | B4: Tổ Kỹ thuật
A5: Đỗ Công Chính | B5: Tổ Kỹ thuật
A6: Phan Việt Đức | B6: Tổ Kỹ thuật
A7: Nguyễn Đăng Nhàn | B7: Tổ Kỹ thuật
A8: Nguyễn Ngọc Nam | B8: Tổ Kỹ thuật
A9: Đỗ Vi Vũ Anh | B9: Tổ Kỹ thuật
A10: Nguyễn Hoàng Vũ | B10: Tổ Kỹ thuật
A11: Ngô Thủy Linh | B11: Tổ Kỹ thuật
A12: Phạm Quang Hiển | B12: Tổ Hồ sơ
A13: Nguyễn Thị Hương | B13: Tổ Hồ sơ
A14: Nguyễn Thanh Hải | B14: Tổ Hồ sơ
A15: Nguyễn Quang Tuấn | B15: Tổ Hồ sơ
... A33: Nguyễn Thanh Bách | B33: Tổ Kho

Sheet dm_khoa
A1: DM KHOA TRỌNG YẾU — Sếp bổ sung thêm khoa nếu cần. Cột 'Trọng yếu' chỉ nhận TRUE/FALSE.
A2: Mã khoa | B2: Tên khoa | C2: Cơ sở áp dụng | D2: Trọng yếu (TRUE/FALSE) | E2: Lý do trọng yếu | F2: Ghi chú
A3: GMHS | B3: Khoa Gây mê hồi sức | C3: ALL | D3: TRUE | E3: Trước/trong mổ - không thể gián đoạn
A4: HSCC | B4: Khoa Hồi sức cấp cứu | C4: ALL | D4: TRUE | E4: Bệnh nhân nặng - hoạt động 24/7
A5: CDHA | B5: Trung tâm Chẩn đoán hình ảnh | C5: ALL | D5: TRUE | E5: Chẩn đoán → quyết định điều trị
A6: KSNK | B6: Khoa Kiểm soát nhiễm khuẩn | C6: ALL | D6: TRUE | E6: Máy giặt/hấp/sấy hỏng = không có dụng cụ vô trùng
A7: GPB | B7: Trung tâm GPB - SHPT | C7: ALL | D7: TRUE | E7: Giải phẫu bệnh là nền tảng chẩn đoán K
A8: PK | B8: Phòng khám | C8: ALL | D8: TRUE | E8: Đầu mối tiếp đón bệnh nhân
A9: XT | B9: Khoa Xạ trị / Khối Xạ | C9: ALL | D9: TRUE | E9: Máy gia tốc hỏng = lùi kế hoạch xạ cả tuần
A10: PTM | B10: Khoa Phẫu thuật / Phòng mổ | C10: ALL | D10: TRUE | E10: Trung tâm phẫu thuật
A11: XN | B11: Trung tâm/Khoa Xét nghiệm | C11: ALL | D11: TRUE | E11: Hoá chất hết → xét nghiệm dừng → điều trị dừng
A12: YHHN | B12: Khoa Y học hạt nhân | C12: ALL | D12: TRUE | E12: SPECT/CT, máy đặc thù
A13: DD | B13: Phòng Điều dưỡng | C13: ALL | D13: FALSE
A14: DUOC | B14: Khoa Dược | C14: ALL | D14: FALSE
A15: KHTH | B15: Phòng KH Tổng hợp | C15: ALL | D15: FALSE
A16: VTTBYT | B16: Phòng Vật tư - TBYT | C16: ALL | D16: FALSE
A17: HCQT | B17: Phòng Hành chính Quản trị | C17: ALL | D17: FALSE

Sheet cfg_threshold
A1: Tổ | B1: Chỉ số | C1: Đơn vị | D1: Ngưỡng VÀNG (cảnh báo) | E1: Ngưỡng ĐỎ (nguy cấp) | F1: Mô tả
A2: Kỹ thuật | B2: Số ngày trễ Deadline (TB hỏng) | C2: ngày | D2: 0 | E2: 7 | F2: Yellow: đã quá deadline. Red: trễ ≥ 7 ngày.
A3: Kỹ thuật | B3: Tỷ lệ TB hỏng / tổng TB | C3: % | D3: 10 | E3: 20 | F3: Yellow: 10-20%. Red: ≥ 20% danh mục TB đang hỏng.
A4: Kỹ thuật | B4: Số TB hỏng tại khoa trọng yếu | C4: máy | D4: 1 | E4: 3 | F4: Yellow: 1-2 máy. Red: ≥ 3 máy hỏng cùng khoa trọng yếu.
A5: Hồ sơ | B5: Số ngày trễ tiến độ gói thầu | C5: ngày | D5: 0 | E5: 14 | F5: Yellow: đã trễ. Red: trễ ≥ 14 ngày so với deadline.
A6: Hồ sơ | B6: Số gói thầu đang vướng | C6: gói | D6: 1 | E6: 3 | F6: Yellow: 1-2 gói có vướng. Red: ≥ 3 gói cùng vướng.
A7: Vật tư | B7: Số ngày trễ ký HĐ/Thanh toán | C7: ngày | D7: 0 | E7: 10 | F7: Yellow: đã trễ. Red: trễ ≥ 10 ngày.
A8: Vật tư | B8: Số HĐ chờ ký quá lâu | C8: HĐ | D8: 1 | E8: 3 | F8: Yellow: có HĐ chờ. Red: ≥ 3 HĐ cùng tồn đọng.
A9: Kho | B9: Tồn dưới định mức tối thiểu | C9: % | D9: 80 | E9: 50 | F9: % so với min. Yellow: ≤80% min. Red: ≤50% min hoặc =0.
A10: Kho | B10: Số ngày tồn (DOH - days on hand) | C10: ngày | D10: 7 | E10: 3 | F10: Yellow: còn 7 ngày. Red: còn ≤ 3 ngày.
A11: Kho | B11: Số khoa cùng yêu cầu 1 mặt hàng | C11: khoa | D11: 2 | E11: 4 | F11: Yellow: 2-3 khoa. Red: ≥ 4 khoa = hot item, cần ưu tiên.
A12: Kho | B12: Số yêu cầu của khoa trọng yếu chưa cấp | C12: yêu cầu | D12: 1 | E12: 2 | F12: Yellow: có 1 yêu cầu chưa cấp. Red: ≥ 2.

Sheet 5A. Tổ kho - Tồn
A1: STT | B1: Mã VTTH | C1: Tên VTTH | D1: Đơn vị | E1: Loại | F1: Cơ sở | G1: CB phụ trách | H1: Tồn đầu kỳ | I1: Nhập trong kỳ | J1: Xuất trong kỳ | K1: Tồn hiện tại | L1: Định mức MIN | M1: Định mức MAX | N1: Trạng thái cảnh báo | O1: Số ngày tồn (DOH) | P1: Khoa yêu cầu nhiều nhất | Q1: Số khoa đang chờ | R1: Đề xuất xử lý | S1: Ghi chú / Cập nhật
A2: 1 | K2: =H2+I2-J2 -> 0 | N2: =IF(K2="","",IF(K2=0,"ĐỎ - Hết hàng",IF(K2<L2*0.5,"ĐỎ - Cực thấp",IF(K2<L2,"VÀNG - Dưới MIN",IF(K2>M2,"VÀNG - Vượt MAX","XANH - Bình thường"))))) -> ĐỎ - Hết hàng | O2: =IFERROR(IF(J2=0,"",ROUND(K2/(J2/30),0)),"")
A3: 2 | K3: =H3+I3-J3 -> 0 | N3: =IF(K3="","",IF(K3=0,"ĐỎ - Hết hàng",IF(K3<L3*0.5,"ĐỎ - Cực thấp",IF(K3<L3,"VÀNG - Dưới MIN",IF(K3>M3,"VÀNG - Vượt MAX","XANH - Bình thường"))))) -> ĐỎ - Hết hàng | O3: =IFERROR(IF(J3=0,"",ROUND(K3/(J3/30),0)),"")
A4: 3 | K4: =H4+I4-J4 -> 0 | N4: =IF(K4="","",IF(K4=0,"ĐỎ - Hết hàng",IF(K4<L4*0.5,"ĐỎ - Cực thấp",IF(K4<L4,"VÀNG - Dưới MIN",IF(K4>M4,"VÀNG - Vượt MAX","XANH - Bình thường"))))) -> ĐỎ - Hết hàng | O4: =IFERROR(IF(J4=0,"",ROUND(K4/(J4/30),0)),"")
A5: 4 | K5: =H5+I5-J5 -> 0 | N5: =IF(K5="","",IF(K5=0,"ĐỎ - Hết hàng",IF(K5<L5*0.5,"ĐỎ - Cực thấp",IF(K5<L5,"VÀNG - Dưới MIN",IF(K5>M5,"VÀNG - Vượt MAX","XANH - Bình thường"))))) -> ĐỎ - Hết hàng | O5: =IFERROR(IF(J5=0,"",ROUND(K5/(J5/30),0)),"")
A6: 5 | K6: =H6+I6-J6 -> 0 | N6: =IF(K6="","",IF(K6=0,"ĐỎ - Hết hàng",IF(K6<L6*0.5,"ĐỎ - Cực thấp",IF(K6<L6,"VÀNG - Dưới MIN",IF(K6>M6,"VÀNG - Vượt MAX","XANH - Bình thường"))))) -> ĐỎ - Hết hàng | O6: =IFERROR(IF(J6=0,"",ROUND(K6/(J6/30),0)),"")
A7: 6 | K7: =H7+I7-J7 -> 0 | N7: =IF(K7="","",IF(K7=0,"ĐỎ - Hết hàng",IF(K7<L7*0.5,"ĐỎ - Cực thấp",IF(K7<L7,"VÀNG - Dưới MIN",IF(K7>M7,"VÀNG - Vượt MAX","XANH - Bình thường"))))) -> ĐỎ - Hết hàng | O7: =IFERROR(IF(J7=0,"",ROUND(K7/(J7/30),0)),"")
A8: 7 | K8: =H8+I8-J8 -> 0 | N8: =IF(K8="","",IF(K8=0,"ĐỎ - Hết hàng",IF(K8<L8*0.5,"ĐỎ - Cực thấp",IF(K8<L8,"VÀNG - Dưới MIN",IF(K8>M8,"VÀNG - Vượt MAX","XANH - Bình thường"))))) -> ĐỎ - Hết hàng | O8: =IFERROR(IF(J8=0,"",ROUND(K8/(J8/30),0)),"")
A9: 8 | K9: =H9+I9-J9 -> 0 | N9: =IF(K9="","",IF(K9=0,"ĐỎ - Hết hàng",IF(K9<L9*0.5,"ĐỎ - Cực thấp",IF(K9<L9,"VÀNG - Dưới MIN",IF(K9>M9,"VÀNG - Vượt MAX","XANH - Bình thường"))))) -> ĐỎ - Hết hàng | O9: =IFERROR(IF(J9=0,"",ROUND(K9/(J9/30),0)),"")
A10: 9 | K10: =H10+I10-J10 -> 0 | N10: =IF(K10="","",IF(K10=0,"ĐỎ - Hết hàng",IF(K10<L10*0.5,"ĐỎ - Cực thấp",IF(K10<L10,"VÀNG - Dưới MIN",IF(K10>M10,"VÀNG - Vượt MAX","XANH - Bình thường"))))) -> ĐỎ - Hết hàng | O10: =IFERROR(IF(J10=0,"",ROUND(K10/(J10/30),0)),"")
A11: 10 | K11: =H11+I11-J11 -> 0 | N11: =IF(K11="","",IF(K11=0,"ĐỎ - Hết hàng",IF(K11<L11*0.5,"ĐỎ - Cực thấp",IF(K11<L11,"VÀNG - Dưới MIN",IF(K11>M11,"VÀNG - Vượt MAX","XANH - Bình thường"))))) -> ĐỎ - Hết hàng | O11: =IFERROR(IF(J11=0,"",ROUND(K11/(J11/30),0)),"")

Sheet 5B. Tổ kho - Đề xuất
A1: STT | B1: Ngày yêu cầu | C1: Khoa yêu cầu | D1: Cơ sở | E1: Người yêu cầu | F1: VTTH yêu cầu | G1: Số lượng | H1: Đơn vị | I1: Mức ưu tiên | J1: Trạng thái xử lý | K1: CB Kho xử lý | L1: Ngày dự kiến cấp | M1: Ngày thực cấp | N1: Ghi chú
A2: 1 | I2: =IFERROR(IF(VLOOKUP(C2,dm_khoa!$B$3:$D$50,3,FALSE())="TRUE","CAO (khoa trọng yếu)","Bình thường"),"")
A3: 2 | I3: =IFERROR(IF(VLOOKUP(C3,dm_khoa!$B$3:$D$50,3,FALSE())="TRUE","CAO (khoa trọng yếu)","Bình thường"),"")
A4: 3 | I4: =IFERROR(IF(VLOOKUP(C4,dm_khoa!$B$3:$D$50,3,FALSE())="TRUE","CAO (khoa trọng yếu)","Bình thường"),"")
A5: 4 | I5: =IFERROR(IF(VLOOKUP(C5,dm_khoa!$B$3:$D$50,3,FALSE())="TRUE","CAO (khoa trọng yếu)","Bình thường"),"")
A6: 5 | I6: =IFERROR(IF(VLOOKUP(C6,dm_khoa!$B$3:$D$50,3,FALSE())="TRUE","CAO (khoa trọng yếu)","Bình thường"),"")
A7: 6 | I7: =IFERROR(IF(VLOOKUP(C7,dm_khoa!$B$3:$D$50,3,FALSE())="TRUE","CAO (khoa trọng yếu)","Bình thường"),"")
A8: 7 | I8: =IFERROR(IF(VLOOKUP(C8,dm_khoa!$B$3:$D$50,3,FALSE())="TRUE","CAO (khoa trọng yếu)","Bình thường"),"")
A9: 8 | I9: =IFERROR(IF(VLOOKUP(C9,dm_khoa!$B$3:$D$50,3,FALSE())="TRUE","CAO (khoa trọng yếu)","Bình thường"),"")
A10: 9 | I10: =IFERROR(IF(VLOOKUP(C10,dm_khoa!$B$3:$D$50,3,FALSE())="TRUE","CAO (khoa trọng yếu)","Bình thường"),"")
A11: 10 | I11: =IFERROR(IF(VLOOKUP(C11,dm_khoa!$B$3:$D$50,3,FALSE())="TRUE","CAO (khoa trọng yếu)","Bình thường"),"")

Sheet VTTH (mẫu refactor)
A1: STT | B1: Loại nhóm | C1: Tên gói/mặt hàng | D1: Khoa sử dụng | E1: Cơ sở | F1: CB phụ trách | G1: CB Hồ sơ phối hợp | H1: Trạng thái | I1: Tiến độ (%) | J1: Ngày bắt đầu | K1: Ngày dự kiến HT | L1: Deadline | M1: Khó khăn / vướng mắc | N1: Đề xuất | O1: Cấp độ ưu tiên | P1: Ghi chú | Q1: Đã hoàn thành
A2: 1 | O2: =IFERROR(IF(VLOOKUP(D2,dm_khoa!$B$3:$D$50,3,FALSE())="TRUE","CAO","Bình thường"),"") | Q2: =IF(I2>=1,"X","")
A3: 2 | O3: =IFERROR(IF(VLOOKUP(D3,dm_khoa!$B$3:$D$50,3,FALSE())="TRUE","CAO","Bình thường"),"") | Q3: =IF(I3>=1,"X","")
A4: 3 | O4: =IFERROR(IF(VLOOKUP(D4,dm_khoa!$B$3:$D$50,3,FALSE())="TRUE","CAO","Bình thường"),"") | Q4: =IF(I4>=1,"X","")
A5: 4 | O5: =IFERROR(IF(VLOOKUP(D5,dm_khoa!$B$3:$D$50,3,FALSE())="TRUE","CAO","Bình thường"),"") | Q5: =IF(I5>=1,"X","")
A6: 5 | O6: =IFERROR(IF(VLOOKUP(D6,dm_khoa!$B$3:$D$50,3,FALSE())="TRUE","CAO","Bình thường"),"") | Q6: =IF(I6>=1,"X","")
A7: 6 | O7: =IFERROR(IF(VLOOKUP(D7,dm_khoa!$B$3:$D$50,3,FALSE())="TRUE","CAO","Bình thường"),"") | Q7: =IF(I7>=1,"X","")
A8: 7 | O8: =IFERROR(IF(VLOOKUP(D8,dm_khoa!$B$3:$D$50,3,FALSE())="TRUE","CAO","Bình thường"),"") | Q8: =IF(I8>=1,"X","")
A9: 8 | O9: =IFERROR(IF(VLOOKUP(D9,dm_khoa!$B$3:$D$50,3,FALSE())="TRUE","CAO","Bình thường"),"") | Q9: =IF(I9>=1,"X","")
A10: 9 | O10: =IFERROR(IF(VLOOKUP(D10,dm_khoa!$B$3:$D$50,3,FALSE())="TRUE","CAO","Bình thường"),"") | Q10: =IF(I10>=1,"X","")
A11: 10 | O11: =IFERROR(IF(VLOOKUP(D11,dm_khoa!$B$3:$D$50,3,FALSE())="TRUE","CAO","Bình thường"),"") | Q11: =IF(I11>=1,"X","")

Sheet Dashboard (preview)
B2: DASHBOARD GIAO BAN — TỔNG HỢP
B4: Cập nhật lần cuối: | C4: =NOW() -> 46140.757
B6: 1. KỸ THUẬT — Thiết bị hỏng/đang sửa
B7: Tổng đầu việc | C7: =IFERROR(COUNTA('nhóm kỹ thuật'!b2:b1000),0) -> 1
B8: Đã hoàn thành | C8: =IFERROR(COUNTIF('nhóm kỹ thuật'!s2:s1000,"X"),0) -> 0
B9: Đang xử lý | C9: =IFERROR(C7-C8,0) -> 1
B10: ƯU TIÊN CAO (khoa trọng yếu) | C10: =IFERROR(COUNTIF('nhóm kỹ thuật'!r2:r1000,"CAO"),0) -> 0
B12: 2. HỒ SƠ — Gói thầu / quy trình
B13: Tổng gói/mặt hàng | C13: =IFERROR(COUNTA('nhóm hồ sơ'!b2:b1000),0) -> 1
B14: Đang vướng mắc | C14: =IFERROR(COUNTIF('nhóm hồ sơ'!h2:h1000,"Vướng mắc"),0) -> 0
B16: 3. VẬT TƯ TIÊU HAO - HOÁ CHẤT
B17: Tổng đầu việc | C17: =COUNTA('VTTH (mẫu refactor)'!C2:C1000) -> 0
B18: Ưu tiên CAO | C18: =COUNTIF('VTTH (mẫu refactor)'!O2:O1000,"CAO") -> 0
B19: Vướng mắc / chờ phê duyệt | C19: =COUNTIF('VTTH (mẫu refactor)'!H2:H1000,"Vướng mắc")+COUNTIF('VTTH (mẫu refactor)'!H2:H1000,"Chờ phê duyệt") -> 0
B21: 4. KHO — Tồn & Đề xuất
B22: Số mã ĐỎ (hết/cực thấp) | C22: =COUNTIF('5A. Tổ kho - Tồn'!N2:N1000,"ĐỎ*") -> 10
B23: Số mã VÀNG | C23: =COUNTIF('5A. Tổ kho - Tồn'!N2:N1000,"VÀNG*") -> 0
B24: Yêu cầu chờ tiếp nhận | C24: =COUNTIF('5B. Tổ kho - Đề xuất'!J2:J1000,"Chờ tiếp nhận") -> 0
B25: Yêu cầu ưu tiên CAO chưa cấp | C25: =COUNTIFS('5B. Tổ kho - Đề xuất'!I2:I1000,"CAO*",'5B. Tổ kho - Đề xuất'!J2:J1000,"<>Đã cấp đủ") -> 0
